Mahesh,49
Siva,82
Aravindan,79
Siva,1
Aravindan,38
Mahesh,57
Mahesh,32
Naga,61
Mahesh,23
Vamsi,44
Vamsi,30
Vamsi,44
Vamsi,20
Aravindan,36
Aravindan,97
Naga,86
Naga,37
Mahesh,83
Siva,35
Aravindan,44
Mahesh,36
Siva,91
Naga,24
Mahesh,1
Aravindan,0
Naga,20
Vamsi,7
Siva,91
Naga,7
Vamsi,82
Siva,87
Naga,30
Naga,7
Aravindan,59
Mahesh,70
Siva,13
Aravindan,78
Vamsi,98
Vamsi,47
Siva,24
Mahesh,9
Mahesh,13
Aravindan,33
Aravindan,4
Aravindan,20
Naga,98
Mahesh,77
Mahesh,58
Vamsi,61
Mahesh,14
Mahesh,24
Mahesh,47
Aravindan,5
Siva,4
Vamsi,6
Siva,67
Naga,63
Naga,58
Naga,54
Mahesh,44
Aravindan,87
Vamsi,63
Mahesh,42
Mahesh,40
Naga,32
Aravindan,83
Aravindan,49
Vamsi,74
Aravindan,70
Naga,33
Aravindan,31
Vamsi,33
Siva,3
Naga,88
Naga,5
Mahesh,51
Aravindan,54
Mahesh,25
Mahesh,62
Siva,36
Vamsi,36
Siva,99
Siva,89
Siva,45
Mahesh,97
Mahesh,31
Vamsi,21
Aravindan,66
Naga,12
Aravindan,99
Siva,19
Mahesh,56
Siva,78
Vamsi,76
Siva,38
Mahesh,53
Naga,1
Vamsi,72
Aravindan,0
Naga,90
Aravindan,52
Naga,8
Mahesh,17
Naga,43
Naga,73
Mahesh,93
Aravindan,12
Vamsi,26
Mahesh,85
Mahesh,3
Vamsi,24
Naga,74
Naga,5
Vamsi,2
Vamsi,3
Naga,53
Naga,72
Vamsi,24
Siva,90
Siva,39
Vamsi,31
Mahesh,79
Vamsi,75
Mahesh,3
Siva,12
Aravindan,9
Vamsi,81
Aravindan,35
Aravindan,60
Mahesh,48
Vamsi,63
Naga,5
Siva,70
Siva,20
Aravindan,67
Siva,86
Vamsi,70
Naga,82
Vamsi,79
Aravindan,39
Vamsi,73
Siva,42
Naga,65
Mahesh,51
Naga,97
Mahesh,21
Aravindan,59
Vamsi,74
Siva,81
Aravindan,10
Vamsi,98
Naga,91
Siva,82
Vamsi,8
Mahesh,84
Naga,41
Mahesh,65
Mahesh,59
Mahesh,89
Siva,24
Siva,71
Aravindan,63
Vamsi,54
Siva,25
Aravindan,15
Siva,76
Aravindan,88
Siva,27
Aravindan,75
Siva,56
Naga,56
Naga,96
Mahesh,6
Vamsi,71
Mahesh,55
Naga,8
Aravindan,16
Aravindan,75
Mahesh,8
Naga,14
Aravindan,26
Mahesh,99
Siva,44
Siva,99
Vamsi,23
Aravindan,26
Vamsi,74
Aravindan,98
Mahesh,40
Naga,16
Mahesh,24
Aravindan,43
Aravindan,60
Mahesh,5
Siva,96
Naga,70
Naga,78
Siva,89
Siva,87
Siva,27
Mahesh,50
Siva,4
Vamsi,12
Mahesh,52
Aravindan,11
Naga,46
Aravindan,5
Vamsi,25
Aravindan,35
Vamsi,89
Naga,18
Siva,66
Aravindan,92
Naga,13
Vamsi,80
Aravindan,3
Siva,10
Siva,53
Mahesh,40
Siva,82
Vamsi,38
Naga,75
Vamsi,5
Mahesh,53
Mahesh,36
Naga,78
Siva,91
Naga,54
Vamsi,88
Vamsi,60
Naga,82
Vamsi,36
Naga,34
Vamsi,76
Naga,51
Siva,70
Aravindan,36
Mahesh,0
Aravindan,53
Aravindan,29
Aravindan,9
Siva,27
Naga,96
Naga,26
Vamsi,8
Siva,63
Aravindan,91
Vamsi,11
Mahesh,71
Mahesh,7
Aravindan,26
Aravindan,6
Mahesh,5
Naga,51
Aravindan,46
Vamsi,37
Siva,83
Aravindan,86
Naga,55
Siva,31
Mahesh,61
Mahesh,11
Vamsi,8
Aravindan,6
Siva,86
Mahesh,83
Siva,58
Siva,61
Aravindan,50
Aravindan,18
Naga,22
Aravindan,87
Aravindan,50
Naga,41
Vamsi,34
Vamsi,91
Vamsi,20
Naga,4
Aravindan,65
Siva,47
Vamsi,42
Aravindan,23
Mahesh,66
Siva,20
Naga,32
Vamsi,35
Siva,12
Naga,58
Mahesh,48
Naga,63
Siva,36
Aravindan,99
Vamsi,24
Vamsi,24
Vamsi,59
Vamsi,29
Mahesh,30
Vamsi,8
Naga,50
Vamsi,22
Naga,64
Aravindan,7
Mahesh,97
Naga,88
Naga,43
Vamsi,9
Aravindan,16
Mahesh,40
Aravindan,96
Siva,65
Siva,55
Vamsi,94
Naga,60
Siva,42
Siva,66
Siva,40
Naga,42
Vamsi,66
Vamsi,45
Naga,82
Mahesh,96
Vamsi,13
Naga,29
Siva,89
Mahesh,9
Naga,75
Vamsi,71
Vamsi,63
Siva,67
Vamsi,35
Naga,88
Mahesh,37
Naga,77
Siva,94
Naga,91
Siva,73
Vamsi,84
Vamsi,72
Aravindan,52
Vamsi,72
Siva,47
Vamsi,32
Siva,11
Naga,33
Vamsi,57
Naga,1
Aravindan,35
Naga,41
Vamsi,75
Siva,30
Mahesh,26
Mahesh,98
Aravindan,10
Mahesh,48
Naga,50
Siva,39
Naga,60
Mahesh,62
Mahesh,17
Aravindan,27
Mahesh,12
Naga,76
Naga,44
Aravindan,32
Mahesh,64
Siva,55
Aravindan,47
Mahesh,89
Mahesh,15
Siva,59
Naga,95
Siva,88
Vamsi,88
Vamsi,86
Mahesh,30
Aravindan,97
Aravindan,52
Mahesh,9
Naga,51
Siva,77
Aravindan,49
Aravindan,15
Naga,24
Siva,15
Vamsi,64
Vamsi,40
Aravindan,79
Mahesh,65
Vamsi,53
Vamsi,95
Aravindan,59
Siva,92
Naga,58
Naga,52
Naga,51
Vamsi,89
Siva,56
Vamsi,98
Aravindan,51
Aravindan,87
Vamsi,47
Siva,45
Aravindan,62
Siva,26
Siva,38
Siva,69
Mahesh,85
Vamsi,53
Siva,66
Vamsi,70
Aravindan,51
Vamsi,64
Aravindan,41
Mahesh,65
Siva,42
Siva,87
Mahesh,89
Mahesh,64
Mahesh,95
Vamsi,7
Siva,74
Mahesh,37
Aravindan,63
Aravindan,28
Mahesh,32
Mahesh,82
Siva,69
Naga,83
Vamsi,59
Siva,78
Siva,69
Siva,63
Mahesh,73
Siva,79
Naga,51
Naga,74
Mahesh,26
Mahesh,87
Vamsi,77
Naga,34
Siva,32
Mahesh,13
Vamsi,45
Siva,35
Aravindan,56
Aravindan,17
Mahesh,73
Vamsi,45
Naga,86
Aravindan,86
Aravindan,80
Vamsi,87
Mahesh,68
Naga,73
Vamsi,47
Naga,19
Siva,95
Aravindan,97
Vamsi,53
Vamsi,50
Siva,97
Mahesh,7
Naga,88
Naga,7
Naga,82
Naga,11
Vamsi,41
Naga,10
Siva,80
Vamsi,83
Siva,25
Siva,86
Naga,44
Naga,34
Vamsi,23
Siva,27
Vamsi,34
Siva,12
Vamsi,68
Naga,19
Aravindan,8
Naga,84
Mahesh,28
Mahesh,19
Naga,63
Naga,14
Vamsi,79
Mahesh,70
Siva,51
Mahesh,80
Vamsi,92
Aravindan,91
Mahesh,2
Siva,40
Mahesh,18
Naga,12
Naga,34
Vamsi,36
Siva,12
Aravindan,87
Mahesh,2
Siva,7
Siva,10
Siva,57
Mahesh,53
Mahesh,89
Naga,21
Vamsi,73
Siva,99
Siva,56
Vamsi,52
Siva,31
Siva,98
Mahesh,40
Vamsi,30
Aravindan,47
Vamsi,54
Aravindan,67
Siva,37
Siva,63
Aravindan,47
Aravindan,55
Naga,86
Aravindan,57
Aravindan,12
Vamsi,15
Siva,39
Mahesh,67
Aravindan,61
Aravindan,51
Vamsi,82
Aravindan,25
Naga,85
Vamsi,39
Siva,71
Mahesh,47
Vamsi,73
Mahesh,55
Mahesh,12
Vamsi,14
Mahesh,98
Siva,34
Mahesh,32
Siva,3
Aravindan,77
Vamsi,34
Siva,24
Vamsi,2
Naga,18
Vamsi,39
Naga,74
Mahesh,24
Vamsi,0
Vamsi,40
Naga,84
Mahesh,10
Siva,75
Mahesh,46
Mahesh,48
Naga,6
Mahesh,66
Vamsi,41
Naga,65
Naga,38
Siva,49
Vamsi,4
Naga,52
Siva,33
Mahesh,72
Mahesh,41
Vamsi,30
Vamsi,98
Aravindan,34
Vamsi,39
Aravindan,56
Aravindan,10
Naga,47
Vamsi,82
Aravindan,87
Naga,7
Mahesh,18
Siva,35
Aravindan,80
Aravindan,41
Aravindan,71
Siva,61
Vamsi,39
Vamsi,90
Siva,55
Naga,41
Naga,62
Siva,99
Mahesh,50
Mahesh,75
Vamsi,83
Vamsi,77
Vamsi,81
Vamsi,40
Naga,57
Mahesh,78
Vamsi,35
Vamsi,11
Siva,12
Vamsi,75
Aravindan,13
Aravindan,94
Naga,51
Vamsi,39
Aravindan,9
Siva,37
Siva,69
Siva,71
Naga,39
Vamsi,10
Mahesh,41
Naga,16
Mahesh,13
Vamsi,3
Aravindan,21
Mahesh,83
Naga,1
Aravindan,33
Naga,25
Naga,14
Siva,5
Aravindan,90
Siva,10
Aravindan,81
Naga,55
Naga,51
Siva,15
Mahesh,69
Aravindan,75
Aravindan,18
Aravindan,80
Siva,42
Siva,52
Naga,84
Naga,21
Mahesh,61
Vamsi,78
Naga,44
Vamsi,49
Siva,2
Naga,68
Vamsi,68
Naga,4
Aravindan,75
Naga,59
Mahesh,66
Mahesh,92
Siva,49
Mahesh,86
Vamsi,28
Aravindan,75
Aravindan,41
Aravindan,73
Aravindan,99
Vamsi,36
Naga,3
Vamsi,1
Vamsi,19
Siva,10
Vamsi,84
Mahesh,38
Siva,13
Naga,67
Aravindan,74
Aravindan,43
Naga,66
Mahesh,48
Mahesh,25
Siva,49
Naga,98
Mahesh,65
Naga,17
Naga,13
Siva,23
Naga,32
Siva,45
Naga,5
Aravindan,15
Siva,83
Aravindan,51
Mahesh,73
Naga,77
Vamsi,48
Vamsi,82
Siva,17
Vamsi,73
Mahesh,78
Vamsi,18
Aravindan,51
Mahesh,56
Naga,15
Aravindan,2
Siva,32
Mahesh,97
Naga,96
Vamsi,62
Siva,12
Mahesh,96
Vamsi,95
Naga,61
Mahesh,21
Siva,76
Aravindan,34
Naga,71
Aravindan,5
Siva,68
Aravindan,81
Siva,11
Siva,10
Naga,18
Mahesh,51
Mahesh,25
Aravindan,76
Naga,14
Naga,88
Aravindan,8
Vamsi,53
Mahesh,91
Naga,16
Siva,89
Siva,24
Naga,91
Siva,91
Mahesh,38
Siva,96
Aravindan,68
Siva,47
Mahesh,91
Mahesh,94
Mahesh,46
Naga,33
Aravindan,64
Aravindan,63
Vamsi,13
Vamsi,87
Aravindan,37
Vamsi,22
Siva,68
Naga,67
Vamsi,88
Vamsi,15
Aravindan,60
Siva,60
Vamsi,60
Naga,46
Naga,14
Siva,53
Vamsi,32
Vamsi,99
Aravindan,26
Naga,46
Mahesh,50
Mahesh,56
Vamsi,76
Naga,42
Vamsi,67
Naga,32
Naga,93
Siva,19
Siva,48
Mahesh,78
Mahesh,87
Siva,8
Siva,19
Aravindan,5
Aravindan,93
Siva,61
Siva,33
Mahesh,59
Siva,78
Naga,74
Aravindan,99
Aravindan,77
Aravindan,9
Aravindan,93
Mahesh,72
Siva,49
Naga,87
Naga,85
Mahesh,13
Siva,58
Naga,95
Siva,87
Siva,33
Aravindan,89
Naga,84
Siva,70
Naga,98
Mahesh,64
Mahesh,37
Aravindan,23
Naga,87
Aravindan,28
Naga,52
Naga,40
Siva,41
Naga,35
Mahesh,76
Siva,40
Siva,52
Naga,40
Naga,26
Vamsi,30
Siva,59
Mahesh,14
Aravindan,64
Naga,58
Vamsi,18
Naga,66
Siva,25
Aravindan,78
Siva,91
Aravindan,18
Siva,88
Vamsi,98
Naga,1
Naga,43
Mahesh,19
Vamsi,75
Mahesh,42
Mahesh,4
Mahesh,97
Vamsi,62
Mahesh,98
Siva,21
Aravindan,1
Aravindan,46
Siva,41
Aravindan,23
Naga,52
Vamsi,48
Vamsi,76
Mahesh,58
Aravindan,1
Aravindan,40
Naga,95
Aravindan,96
Siva,27
Aravindan,58
Mahesh,31
Vamsi,22
Aravindan,6
Mahesh,15
Vamsi,9
Naga,32
Aravindan,96
Mahesh,14
Siva,54
Aravindan,70
Siva,81
Aravindan,64
Naga,57
Mahesh,34
Naga,1
Naga,1
Siva,93
Mahesh,5
Aravindan,87
Aravindan,16
Naga,7
Vamsi,33
Siva,95
Mahesh,8
Vamsi,42
Naga,45
Mahesh,74
Aravindan,30
Vamsi,30
Aravindan,5
Mahesh,86
Naga,57
Vamsi,6
Naga,57
Siva,56
Vamsi,60
Siva,86
Siva,22
Siva,21
Mahesh,86
Aravindan,37
Aravindan,36
Siva,24
Mahesh,23
Mahesh,95
Vamsi,37
Mahesh,80
Vamsi,99
Vamsi,39
Siva,88
Mahesh,11
Aravindan,21
Siva,10
Mahesh,62
Siva,20
Aravindan,86
Mahesh,2
Vamsi,52
Naga,14
Naga,78
Vamsi,3
Aravindan,72
Aravindan,49
Aravindan,17
Siva,93
Naga,86
Vamsi,62
Siva,32
Siva,31
Aravindan,20
Aravindan,64
Vamsi,16
Siva,76
Naga,32
Aravindan,54
Aravindan,66
Siva,65
Siva,2
Mahesh,48
Naga,50
Vamsi,84
Mahesh,36
Mahesh,63
Mahesh,58
Aravindan,19
Mahesh,50
Vamsi,29
Vamsi,52
Mahesh,26
Naga,49
Aravindan,6
Aravindan,24
Aravindan,94
Naga,32
Mahesh,60
Naga,70
Mahesh,64
Siva,59
Siva,84
Siva,52
Vamsi,52
Vamsi,45
Mahesh,39
Mahesh,98
Vamsi,52
Aravindan,58
Vamsi,91
Siva,93
Aravindan,24
Naga,83
Naga,38
Aravindan,12
Vamsi,10
Aravindan,26
Vamsi,17
Vamsi,11
Aravindan,48
Aravindan,44
Naga,18
Naga,20
Naga,72
Naga,50
Naga,85
Mahesh,57
Siva,16
Siva,45
Siva,35
Naga,61
Mahesh,38
Naga,75
Mahesh,15
Siva,82
Mahesh,3
Naga,82
Mahesh,27
Naga,50
Vamsi,17
Aravindan,57
Aravindan,81
Naga,27
Siva,56
Naga,16
Siva,93
Vamsi,18
Siva,4
Mahesh,88
Aravindan,55
Aravindan,14
Mahesh,20
Naga,55
Naga,12
Siva,54
Vamsi,80
Siva,58
Aravindan,59
Aravindan,25
Siva,29
